{
  "resourceType" : "CodeSystem",
  "id" : "9133db9f-cddc-4265-9e38-4ae1709f404c-2",
  "url" : "http://hl7.org/fhir/comparison/CodeSystem/9133db9f-cddc-4265-9e38-4ae1709f404c-2",
  "name" : "UnionRTLSMessageEventsAndRTLSMessageEvents",
  "title" : "Union of RTLS Message Events And RTLS Message Events",
  "status" : "draft",
  "date" : "2025-08-05T17:07:45-05:00",
  "jurisdiction" : [{
    "coding" : [{
      "system" : "http://unstats.un.org/unsd/methods/m49/m49.htm",
      "code" : "001"
    }]
  }],
  "concept" : [{
    "code" : "enroll-tag",
    "display" : "Enroll Tag",
    "definition" : "Used to describe when a subscriber wants to receive notifications about a specific tag."
  },
  {
    "code" : "unenroll-tag",
    "display" : "Unenroll Tag",
    "definition" : "Used to describe when a subscriber no longer wants to receive notifications about a specific tag."
  },
  {
    "code" : "location-update",
    "display" : "Location Update",
    "definition" : "Used to describe when a specific tag has an updated location."
  },
  {
    "code" : "staff-duress",
    "display" : "Staff Duress",
    "definition" : "Used to describe when a staff member is in duress."
  }]
}