{
  "resourceType" : "ValueSet",
  "id" : "e85aff19-0997-4ebc-b789-62ebb20ba479-14",
  "url" : "http://hl7.org/fhir/comparison/ValueSet/e85aff19-0997-4ebc-b789-62ebb20ba479-14",
  "name" : "UnionRTLSMessageEventsAndRTLSMessageEvents",
  "title" : "Union of RTLS Message Events Valueset And RTLS Message Events Valueset",
  "status" : "draft",
  "date" : "2025-08-05T17:18:30-05:00",
  "jurisdiction" : [{
    "coding" : [{
      "system" : "http://unstats.un.org/unsd/methods/m49/m49.htm",
      "code" : "001"
    }]
  }]
}