<?xml version="1.0" encoding="UTF-8"?>

<Bundle xmlns="http://hl7.org/fhir">
  <id value="EnrollTagExample-MessageBundle"/>
  <meta>
    <profile value="http://hl7.org/fhir/uv/rtls/StructureDefinition/rtlsMessageBundleEnroll"/>
  </meta>
  <type value="message"/>
  <timestamp value="2023-03-24T10:24:13.1882432-05:00"/>
  <entry>
    <fullUrl value="http://example.org/fhir/EnrollTagMessageHeaderExample"/>
    <resource>
      <MessageHeader>
        <id value="EnrollTagExample-MessageHeader"/>
        <meta>
          <profile value="http://hl7.org/fhir/uv/rtls/StructureDefinition/rtlsMessageEnrollmentHeader"/>
        </meta>
        <text>
          <status value="generated"/><div xmlns="http://www.w3.org/1999/xhtml"><a name="MessageHeader_EnrollTagExample-MessageHeader"> </a><p class="res-header-id"><b>Generated Narrative: MessageHeader EnrollTagExample-MessageHeader</b></p><a name="EnrollTagExample-MessageHeader"> </a><a name="hcEnrollTagExample-MessageHeader"> </a><div style="display: inline-block; background-color: #d9e0e7; padding: 6px; margin: 4px; border: 1px solid #8da1b4; border-radius: 5px; line-height: 60%"><p style="margin-bottom: 0px"/><p style="margin-bottom: 0px">Profile: <a href="StructureDefinition-rtlsMessageEnrollmentHeader.html">RTLS Message Enrollment Header Resource Profile</a></p></div><p><b>event</b>: <a href="CodeSystem-rtlsMessageEvents.html#rtlsMessageEvents-enroll-tag">RTLS Message Events enroll-tag</a>: Enroll Tag</p><h3>Sources</h3><table class="grid"><tr><td style="display: none">-</td><td><b>Name</b></td><td><b>Endpoint</b></td></tr><tr><td style="display: none">*</td><td>Example EHR</td><td><a href="http://example.org/rtls/endpoint/ehr-system">http://example.org/rtls/endpoint/ehr-system</a></td></tr></table><p><b>focus</b>: <a href="Bundle-EnrollTagExample-MessageBundle.html#http-//example.org/fhir/EnrollTagExample-Device">Bundle: type = message; timestamp = 2023-03-24 10:24:13-0500</a></p></div>
        </text>
        <eventCoding>
          <system value="http://hl7.org/fhir/uv/rtls/CodeSystem/rtlsMessageEvents"/>
          <code value="enroll-tag"/>
        </eventCoding>
        <source>
          <name value="Example EHR"/>
          <endpoint value="http://example.org/rtls/endpoint/ehr-system"/>
        </source>
        <focus>
          <reference value="http://example.org/fhir/EnrollTagExample-Device"/>
        </focus>
      </MessageHeader>
    </resource>
  </entry>
  <entry>
    <fullUrl value="http://example.org/fhir/EnrollTagExample-Device"/>
    <resource>
      <Device>
        <id value="EnrollTagExample-Device"/>
        <meta>
          <profile value="http://hl7.org/fhir/uv/rtls/StructureDefinition/rtlsDevice"/>
        </meta>
        <text>
          <status value="generated"/><div xmlns="http://www.w3.org/1999/xhtml"><a name="Device_EnrollTagExample-Device"> </a><p class="res-header-id"><b>Generated Narrative: Device EnrollTagExample-Device</b></p><a name="EnrollTagExample-Device"> </a><a name="hcEnrollTagExample-Device"> </a><div style="display: inline-block; background-color: #d9e0e7; padding: 6px; margin: 4px; border: 1px solid #8da1b4; border-radius: 5px; line-height: 60%"><p style="margin-bottom: 0px"/><p style="margin-bottom: 0px">Profile: <a href="StructureDefinition-rtlsDevice.html">RTLS Tag Device Profile</a></p></div><p><b>identifier</b>: 12345678</p><p><b>status</b>: Active</p></div>
        </text>
        <identifier>
          <value value="12345678"/>
        </identifier>
        <status value="active"/>
      </Device>
    </resource>
  </entry>
</Bundle>