{
  "resourceType" : "Bundle",
  "id" : "dcf31304-d2fc-40b4-9cb7-4a8f1db0f269",
  "meta" : {
    "lastUpdated" : "2025-08-05T17:18:19.651-05:00"
  },
  "type" : "collection",
  "entry" : [{
    "fullUrl" : "http://hl7.org/fhir/uv/rtls/ValueSet/rtlsMessageEvents",
    "resource" : {
      "resourceType" : "ValueSet",
      "text" : {
        "status" : "generated",
        "div" : "<div xmlns=\"http://www.w3.org/1999/xhtml\"><p class=\"res-header-id\"/><p style=\"border: black 1px dotted; background-color: #EEEEEE; padding: 8px; margin-bottom: 8px\">Expansion performed internally based on <a href=\"CodeSystem-rtlsMessageEvents.html\">codesystem RTLS Message Events v1.0.0-ballot2 (CodeSystem)</a></p><p>This value set contains 4 concepts</p><table class=\"codes\"><tr><td style=\"white-space:nowrap\"><b>Code</b></td><td><b>System</b></td><td><b>Display (en-US)</b></td><td><b>Definition</b></td></tr><tr><td style=\"white-space:nowrap\"><a name=\"x-http://hl7.org/fhir/uv/rtls/CodeSystem/rtlsMessageEvents-enroll-tag\"> </a>\u00a0\u00a0<a href=\"CodeSystem-rtlsMessageEvents.html#rtlsMessageEvents-enroll-tag\">enroll-tag</a></td><td>http://hl7.org/fhir/uv/rtls/CodeSystem/rtlsMessageEvents</td><td>Enroll Tag</td><td>Used to describe when a subscriber wants to receive notifications about a specific tag.</td></tr><tr><td style=\"white-space:nowrap\"><a name=\"x-http://hl7.org/fhir/uv/rtls/CodeSystem/rtlsMessageEvents-unenroll-tag\"> </a>\u00a0\u00a0<a href=\"CodeSystem-rtlsMessageEvents.html#rtlsMessageEvents-unenroll-tag\">unenroll-tag</a></td><td>http://hl7.org/fhir/uv/rtls/CodeSystem/rtlsMessageEvents</td><td>Unenroll Tag</td><td>Used to describe when a subscriber no longer wants to receive notifications about a specific tag.</td></tr><tr><td style=\"white-space:nowrap\"><a name=\"x-http://hl7.org/fhir/uv/rtls/CodeSystem/rtlsMessageEvents-location-update\"> </a>\u00a0\u00a0<a href=\"CodeSystem-rtlsMessageEvents.html#rtlsMessageEvents-location-update\">location-update</a></td><td>http://hl7.org/fhir/uv/rtls/CodeSystem/rtlsMessageEvents</td><td>Location Update</td><td>Used to describe when a specific tag has an updated location.</td></tr><tr><td style=\"white-space:nowrap\"><a name=\"x-http://hl7.org/fhir/uv/rtls/CodeSystem/rtlsMessageEvents-staff-duress\"> </a>\u00a0\u00a0<a href=\"CodeSystem-rtlsMessageEvents.html#rtlsMessageEvents-staff-duress\">staff-duress</a></td><td>http://hl7.org/fhir/uv/rtls/CodeSystem/rtlsMessageEvents</td><td>Staff Duress</td><td>Used to describe when a staff member is in duress.</td></tr></table></div>"
      },
      "url" : "http://hl7.org/fhir/uv/rtls/ValueSet/rtlsMessageEvents",
      "version" : "1.0.0-ballot2",
      "name" : "RTLSMessageEvents",
      "title" : "RTLS Message Events Valueset",
      "status" : "draft",
      "experimental" : true,
      "date" : "2022-10-12",
      "jurisdiction" : [{
        "coding" : [{
          "system" : "http://unstats.un.org/unsd/methods/m49/m49.htm",
          "code" : "001"
        }]
      }],
      "expansion" : {
        "identifier" : "urn:uuid:1a12ea26-4853-429c-83fb-5525e62dc6bc",
        "timestamp" : "2025-08-05T17:18:34-05:00",
        "total" : 4,
        "offset" : 0,
        "parameter" : [{
          "name" : "displayLanguage",
          "valueCode" : "en-US"
        },
        {
          "name" : "count",
          "valueInteger" : 1000
        },
        {
          "name" : "offset",
          "valueInteger" : 0
        },
        {
          "name" : "excludeNested",
          "valueBoolean" : false
        },
        {
          "name" : "used-codesystem",
          "valueUri" : "http://hl7.org/fhir/uv/rtls/CodeSystem/rtlsMessageEvents|1.0.0-ballot2"
        }],
        "contains" : [{
          "system" : "http://hl7.org/fhir/uv/rtls/CodeSystem/rtlsMessageEvents",
          "code" : "enroll-tag",
          "display" : "Enroll Tag"
        },
        {
          "system" : "http://hl7.org/fhir/uv/rtls/CodeSystem/rtlsMessageEvents",
          "code" : "unenroll-tag",
          "display" : "Unenroll Tag"
        },
        {
          "system" : "http://hl7.org/fhir/uv/rtls/CodeSystem/rtlsMessageEvents",
          "code" : "location-update",
          "display" : "Location Update"
        },
        {
          "system" : "http://hl7.org/fhir/uv/rtls/CodeSystem/rtlsMessageEvents",
          "code" : "staff-duress",
          "display" : "Staff Duress"
        }]
      }
    }
  }]
}