<?xml version="1.0" encoding="UTF-8"?>

<Bundle xmlns="http://hl7.org/fhir">
  <id value="3a46a4d1-bd85-4271-ab83-41ee575235d8"/>
  <meta>
    <lastUpdated value="2025-08-04T22:11:12.349-05:00"/>
  </meta>
  <type value="collection"/>
  <entry>
    <fullUrl value="http://hl7.org/fhir/uv/rtls/ValueSet/rtlsMessageEvents"/>
    <resource>
      <ValueSet>
        <text>
          <status value="generated"/>
          <div xmlns="http://www.w3.org/1999/xhtml">
            <p class="res-header-id"/>
            <p style="border: black 1px dotted; background-color: #EEEEEE; padding: 8px; margin-bottom: 8px">Expansion performed internally based on 
              <a href="CodeSystem-rtlsMessageEvents.html">codesystem RTLS Message Events v1.0.0-ballot2 (CodeSystem)</a>
            </p>
            <p>This value set contains 3 concepts</p>
            <table class="codes">
              <tr>
                <td style="white-space:nowrap">
                  <b>Code</b>
                </td>
                <td>
                  <b>System</b>
                </td>
                <td>
                  <b>Display (en-US)</b>
                </td>
                <td>
                  <b>Definition</b>
                </td>
              </tr>
              <tr>
                <td style="white-space:nowrap">
                  <a name="x-http://hl7.org/fhir/uv/rtls/CodeSystem/rtlsMessageEvents-enroll-tag"> </a>  
                  <a href="CodeSystem-rtlsMessageEvents.html#rtlsMessageEvents-enroll-tag">enroll-tag</a>
                </td>
                <td>http://hl7.org/fhir/uv/rtls/CodeSystem/rtlsMessageEvents</td>
                <td>Enroll Tag</td>
                <td>Used to describe when a subscriber wants to receive notifications about a specific tag.</td>
              </tr>
              <tr>
                <td style="white-space:nowrap">
                  <a name="x-http://hl7.org/fhir/uv/rtls/CodeSystem/rtlsMessageEvents-unenroll-tag"> </a>  
                  <a href="CodeSystem-rtlsMessageEvents.html#rtlsMessageEvents-unenroll-tag">unenroll-tag</a>
                </td>
                <td>http://hl7.org/fhir/uv/rtls/CodeSystem/rtlsMessageEvents</td>
                <td>Unenroll Tag</td>
                <td>Used to describe when a subscriber no longer wants to receive notifications about a specific tag.</td>
              </tr>
              <tr>
                <td style="white-space:nowrap">
                  <a name="x-http://hl7.org/fhir/uv/rtls/CodeSystem/rtlsMessageEvents-location-update"> </a>  
                  <a href="CodeSystem-rtlsMessageEvents.html#rtlsMessageEvents-location-update">location-update</a>
                </td>
                <td>http://hl7.org/fhir/uv/rtls/CodeSystem/rtlsMessageEvents</td>
                <td>Location Update</td>
                <td>Used to describe when a specific tag has an updated location.</td>
              </tr>
            </table>
          </div>
        </text>
        <url value="http://hl7.org/fhir/uv/rtls/ValueSet/rtlsMessageEvents"/>
        <version value="1.0.0-ballot2"/>
        <name value="RTLSMessageEvents"/>
        <title value="RTLS Message Events Valueset"/>
        <status value="draft"/>
        <experimental value="true"/>
        <date value="2022-10-12"/>
        <jurisdiction>
          <coding>
            <system value="http://unstats.un.org/unsd/methods/m49/m49.htm"/>
            <code value="001"/>
          </coding>
        </jurisdiction>
        <expansion>
          <identifier value="urn:uuid:84b09d51-a48f-4c23-96e9-2e2c107409e7"/>
          <timestamp value="2025-08-04T22:11:28-05:00"/>
          <total value="3"/>
          <offset value="0"/>
          <parameter>
            <name value="displayLanguage"/>
            <valueCode value="en-US"/>
          </parameter>
          <parameter>
            <name value="count"/>
            <valueInteger value="1000"/>
          </parameter>
          <parameter>
            <name value="offset"/>
            <valueInteger value="0"/>
          </parameter>
          <parameter>
            <name value="excludeNested"/>
            <valueBoolean value="false"/>
          </parameter>
          <parameter>
            <name value="used-codesystem"/>
            <valueUri value="http://hl7.org/fhir/uv/rtls/CodeSystem/rtlsMessageEvents|1.0.0-ballot2"/>
          </parameter>
          <contains>
            <system value="http://hl7.org/fhir/uv/rtls/CodeSystem/rtlsMessageEvents"/>
            <code value="enroll-tag"/>
            <display value="Enroll Tag"/>
          </contains>
          <contains>
            <system value="http://hl7.org/fhir/uv/rtls/CodeSystem/rtlsMessageEvents"/>
            <code value="unenroll-tag"/>
            <display value="Unenroll Tag"/>
          </contains>
          <contains>
            <system value="http://hl7.org/fhir/uv/rtls/CodeSystem/rtlsMessageEvents"/>
            <code value="location-update"/>
            <display value="Location Update"/>
          </contains>
        </expansion>
      </ValueSet>
    </resource>
  </entry>
</Bundle>