{
  "codeSystems" : [
    {
      "url" : "http://hl7.org/fhir/ValueSet/bundle-type",
      "version" : "4.0.1",
      "status" : "active",
      "name" : "BundleType",
      "title" : "BundleType",
      "description" : "Indicates the purpose of a bundle - how it is intended to be used.",
      "systems" : ["http://hl7.org/fhir/bundle-type"],
      "oids" : ["2.16.840.1.113883.4.642.3.620"],
      "sources" : ["2.16.840.1.113883.4.642.3.620"],
      "uses" : {
      },
      "StructureDefinition-rtlsMessageBundleEnroll.html" : "RTLS Enrollment Message Profile",
      "StructureDefinition-rtlsMessageBundleLocationUpdate.html" : "RTLS Location Update Message Profile",
      "StructureDefinition-rtlsMessageBundleUnenroll.html" : "RTLS Unenrollment Message Profile"
    },
    {
      "url" : "http://hl7.org/fhir/ValueSet/days-of-week",
      "version" : "4.0.1",
      "status" : "active",
      "name" : "DaysOfWeek",
      "title" : "DaysOfWeek",
      "description" : "The days of the week.",
      "systems" : ["http://hl7.org/fhir/days-of-week"],
      "oids" : ["2.16.840.1.113883.4.642.3.512"],
      "sources" : ["2.16.840.1.113883.4.642.3.512"],
      "uses" : {
      },
      "StructureDefinition-rtlsLocation.html" : "RTLS Location Resource Profile"
    },
    {
      "url" : "http://hl7.org/fhir/ValueSet/device-nametype",
      "version" : "4.0.1",
      "status" : "draft",
      "name" : "DeviceNameType",
      "title" : "DeviceNameType",
      "description" : "The type of name the device is referred by.",
      "systems" : ["http://hl7.org/fhir/device-nametype"],
      "oids" : ["2.16.840.1.113883.4.642.3.1083"],
      "sources" : ["2.16.840.1.113883.4.642.3.1083"],
      "uses" : {
      },
      "StructureDefinition-rtlsDevice.html" : "RTLS Tag Device Profile"
    },
    {
      "url" : "http://hl7.org/fhir/ValueSet/device-status",
      "version" : "4.0.1",
      "status" : "draft",
      "name" : "FHIRDeviceStatus",
      "title" : "FHIRDeviceStatus",
      "description" : "The availability status of the device.",
      "systems" : ["http://hl7.org/fhir/device-status"],
      "oids" : ["2.16.840.1.113883.4.642.3.209"],
      "sources" : ["2.16.840.1.113883.4.642.3.209"],
      "uses" : {
      },
      "StructureDefinition-rtlsDevice.html" : "RTLS Tag Device Profile"
    },
    {
      "url" : "http://hl7.org/fhir/ValueSet/device-status-reason",
      "version" : "4.0.1",
      "status" : "draft",
      "name" : "FHIRDeviceStatusReason",
      "title" : "FHIRDeviceStatusReason",
      "description" : "The availability status reason of the device.",
      "systems" : ["http://terminology.hl7.org/CodeSystem/device-status-reason"],
      "oids" : ["2.16.840.1.113883.4.642.3.1081"],
      "sources" : ["2.16.840.1.113883.4.642.3.1081"],
      "uses" : {
      },
      "StructureDefinition-rtlsDevice.html" : "RTLS Tag Device Profile"
    },
    {
      "url" : "http://hl7.org/fhir/ValueSet/device-type",
      "version" : "4.0.1",
      "status" : "draft",
      "name" : "DeviceType",
      "title" : "Device Type",
      "description" : "Codes used to identify medical devices. Includes concepts from SNOMED CT (http://www.snomed.org/) where concept is-a 49062001 (Device)  and is provided as a suggestive example.",
      "systems" : ["http://snomed.info/sct"],
      "oids" : ["2.16.840.1.113883.4.642.3.1376"],
      "sources" : ["2.16.840.1.113883.4.642.3.1376"],
      "uses" : {
      },
      "StructureDefinition-rtlsDevice.html" : "RTLS Tag Device Profile"
    },
    {
      "url" : "http://hl7.org/fhir/ValueSet/http-verb",
      "version" : "4.0.1",
      "status" : "active",
      "name" : "HTTPVerb",
      "title" : "HTTPVerb",
      "description" : "HTTP verbs (in the HTTP command line). See [HTTP rfc](https://tools.ietf.org/html/rfc7231) for details.",
      "systems" : ["http://hl7.org/fhir/http-verb"],
      "oids" : ["2.16.840.1.113883.4.642.3.624"],
      "sources" : ["2.16.840.1.113883.4.642.3.624"],
      "uses" : {
      },
      "StructureDefinition-rtlsMessageBundleEnroll.html" : "RTLS Enrollment Message Profile",
      "StructureDefinition-rtlsMessageBundleLocationUpdate.html" : "RTLS Location Update Message Profile",
      "StructureDefinition-rtlsMessageBundleUnenroll.html" : "RTLS Unenrollment Message Profile"
    },
    {
      "url" : "http://hl7.org/fhir/ValueSet/identifier-type",
      "version" : "4.0.1",
      "status" : "active",
      "name" : "Identifier Type Codes",
      "title" : "IdentifierType",
      "description" : "A coded type for an identifier that can be used to determine which identifier to use for a specific purpose.",
      "systems" : ["http://terminology.hl7.org/CodeSystem/v2-0203"],
      "oids" : ["2.16.840.1.113883.4.642.3.45"],
      "sources" : ["2.16.840.1.113883.4.642.3.45"],
      "uses" : {
      },
      "StructureDefinition-rtlsDevice.html" : "RTLS Tag Device Profile",
      "StructureDefinition-rtlsLocation.html" : "RTLS Location Resource Profile"
    },
    {
      "url" : "http://hl7.org/fhir/ValueSet/identifier-use",
      "version" : "4.0.1",
      "status" : "active",
      "name" : "IdentifierUse",
      "title" : "IdentifierUse",
      "description" : "Identifies the purpose for this identifier, if known .",
      "systems" : ["http://hl7.org/fhir/identifier-use"],
      "oids" : ["2.16.840.1.113883.4.642.3.57"],
      "sources" : ["2.16.840.1.113883.4.642.3.57"],
      "uses" : {
      },
      "StructureDefinition-rtlsDevice.html" : "RTLS Tag Device Profile",
      "StructureDefinition-rtlsLocation.html" : "RTLS Location Resource Profile"
    },
    {
      "url" : "http://hl7.org/fhir/ValueSet/languages",
      "version" : "4.0.1",
      "status" : "draft",
      "name" : "CommonLanguages",
      "title" : "Common Languages",
      "description" : "This value set includes common codes from BCP-47 (http://tools.ietf.org/html/bcp47)",
      "systems" : ["urn:ietf:bcp:47"],
      "oids" : ["2.16.840.1.113883.4.642.3.20"],
      "sources" : ["2.16.840.1.113883.4.642.3.20"],
      "uses" : {
      },
      "StructureDefinition-rtlsMessageEnrollmentHeader.html" : "RTLS Message Enrollment Header Resource Profile",
      "StructureDefinition-rtlsMessageLocationUpdateHeader.html" : "RTLS Message Location Update Header Header Resource Profile",
      "StructureDefinition-rtlsMessageUnenrollmentHeader.html" : "RTLS Message Unenrollment Header Resource Profile",
      "StructureDefinition-rtlsMessageBundleEnroll.html" : "RTLS Enrollment Message Profile",
      "StructureDefinition-rtlsDevice.html" : "RTLS Tag Device Profile",
      "StructureDefinition-rtlsMessageBundleLocationUpdate.html" : "RTLS Location Update Message Profile",
      "StructureDefinition-rtlsMessageBundleUnenroll.html" : "RTLS Unenrollment Message Profile",
      "StructureDefinition-rtlsLocation.html" : "RTLS Location Resource Profile"
    },
    {
      "url" : "http://hl7.org/fhir/ValueSet/location-mode",
      "version" : "4.0.1",
      "status" : "draft",
      "name" : "LocationMode",
      "title" : "LocationMode",
      "description" : "Indicates whether a resource instance represents a specific location or a class of locations.",
      "systems" : ["http://hl7.org/fhir/location-mode"],
      "oids" : ["2.16.840.1.113883.4.642.3.330"],
      "sources" : ["2.16.840.1.113883.4.642.3.330"],
      "uses" : {
      },
      "StructureDefinition-rtlsLocation.html" : "RTLS Location Resource Profile"
    },
    {
      "url" : "http://hl7.org/fhir/ValueSet/location-physical-type",
      "version" : "4.0.1",
      "status" : "draft",
      "name" : "LocationType",
      "title" : "Location type",
      "description" : "This example value set defines a set of codes that can be used to indicate the physical form of the Location.",
      "systems" : [
        "http://terminology.hl7.org/CodeSystem/location-physical-type"
      ],
      "oids" : ["2.16.840.1.113883.4.642.3.328"],
      "sources" : ["2.16.840.1.113883.4.642.3.328"],
      "uses" : {
      },
      "StructureDefinition-rtlsLocation.html" : "RTLS Location Resource Profile"
    },
    {
      "url" : "http://hl7.org/fhir/ValueSet/location-status",
      "version" : "4.0.1",
      "status" : "draft",
      "name" : "LocationStatus",
      "title" : "LocationStatus",
      "description" : "Indicates whether the location is still in use.",
      "systems" : ["http://hl7.org/fhir/location-status"],
      "oids" : ["2.16.840.1.113883.4.642.3.332"],
      "sources" : ["2.16.840.1.113883.4.642.3.332"],
      "uses" : {
      },
      "StructureDefinition-rtlsLocation.html" : "RTLS Location Resource Profile"
    },
    {
      "url" : "http://hl7.org/fhir/ValueSet/message-events",
      "version" : "4.0.1",
      "status" : "active",
      "name" : "MessageEvent",
      "title" : "MessageEvent",
      "description" : "One of the message events defined as part of this version of FHIR.",
      "systems" : ["http://hl7.org/fhir/message-events"],
      "oids" : ["2.16.840.1.113883.4.642.3.26"],
      "sources" : ["2.16.840.1.113883.4.642.3.26"],
      "uses" : {
      },
      "StructureDefinition-rtlsMessageEnrollmentHeader.html" : "RTLS Message Enrollment Header Resource Profile",
      "StructureDefinition-rtlsMessageLocationUpdateHeader.html" : "RTLS Message Location Update Header Header Resource Profile",
      "StructureDefinition-rtlsMessageUnenrollmentHeader.html" : "RTLS Message Unenrollment Header Resource Profile"
    },
    {
      "url" : "http://hl7.org/fhir/ValueSet/message-reason-encounter",
      "version" : "4.0.1",
      "status" : "draft",
      "name" : "ExampleMessageReasonCodes",
      "title" : "Example Message Reason Codes",
      "description" : "Example Message Reasons. These are the set of codes that might be used an updating an encounter using admin-update.",
      "systems" : [
        "http://terminology.hl7.org/CodeSystem/message-reasons-encounter"
      ],
      "oids" : ["2.16.840.1.113883.4.642.3.378"],
      "sources" : ["2.16.840.1.113883.4.642.3.378"],
      "uses" : {
      },
      "StructureDefinition-rtlsMessageEnrollmentHeader.html" : "RTLS Message Enrollment Header Resource Profile",
      "StructureDefinition-rtlsMessageLocationUpdateHeader.html" : "RTLS Message Location Update Header Header Resource Profile",
      "StructureDefinition-rtlsMessageUnenrollmentHeader.html" : "RTLS Message Unenrollment Header Resource Profile"
    },
    {
      "url" : "http://hl7.org/fhir/ValueSet/response-code",
      "version" : "4.0.1",
      "status" : "draft",
      "name" : "ResponseType",
      "title" : "ResponseType",
      "description" : "The kind of response to a message.",
      "systems" : ["http://hl7.org/fhir/response-code"],
      "oids" : ["2.16.840.1.113883.4.642.3.380"],
      "sources" : ["2.16.840.1.113883.4.642.3.380"],
      "uses" : {
      },
      "StructureDefinition-rtlsMessageEnrollmentHeader.html" : "RTLS Message Enrollment Header Resource Profile",
      "StructureDefinition-rtlsMessageLocationUpdateHeader.html" : "RTLS Message Location Update Header Header Resource Profile",
      "StructureDefinition-rtlsMessageUnenrollmentHeader.html" : "RTLS Message Unenrollment Header Resource Profile"
    },
    {
      "url" : "http://hl7.org/fhir/ValueSet/search-entry-mode",
      "version" : "4.0.1",
      "status" : "active",
      "name" : "SearchEntryMode",
      "title" : "SearchEntryMode",
      "description" : "Why an entry is in the result set - whether it's included as a match or because of an _include requirement, or to convey information or warning information about the search process.",
      "systems" : ["http://hl7.org/fhir/search-entry-mode"],
      "oids" : ["2.16.840.1.113883.4.642.3.622"],
      "sources" : ["2.16.840.1.113883.4.642.3.622"],
      "uses" : {
      },
      "StructureDefinition-rtlsMessageBundleEnroll.html" : "RTLS Enrollment Message Profile",
      "StructureDefinition-rtlsMessageBundleLocationUpdate.html" : "RTLS Location Update Message Profile",
      "StructureDefinition-rtlsMessageBundleUnenroll.html" : "RTLS Unenrollment Message Profile"
    },
    {
      "url" : "http://hl7.org/fhir/ValueSet/udi-entry-type",
      "version" : "4.0.1",
      "status" : "draft",
      "name" : "UDIEntryType",
      "title" : "UDIEntryType",
      "description" : "Codes to identify how UDI data was entered.",
      "systems" : ["http://hl7.org/fhir/udi-entry-type"],
      "oids" : ["2.16.840.1.113883.4.642.3.211"],
      "sources" : ["2.16.840.1.113883.4.642.3.211"],
      "uses" : {
      },
      "StructureDefinition-rtlsDevice.html" : "RTLS Tag Device Profile"
    },
    {
      "url" : "http://hl7.org/fhir/uv/rtls/ValueSet/rtlsMessageEvents",
      "version" : "1.0.0-ballot2",
      "status" : "draft",
      "name" : "RTLSMessageEvents",
      "title" : "RTLS Message Events Valueset",
      "description" : "This valueset defines FHIR messaging event types used in RTLS workflows.",
      "systems" : ["http://hl7.org/fhir/uv/rtls/CodeSystem/rtlsMessageEvents"],
      "uses" : {
      },
      "StructureDefinition-rtlsMessageEnrollmentHeader.html" : "RTLS Message Enrollment Header Resource Profile",
      "StructureDefinition-rtlsMessageLocationUpdateHeader.html" : "RTLS Message Location Update Header Header Resource Profile",
      "StructureDefinition-rtlsMessageUnenrollmentHeader.html" : "RTLS Message Unenrollment Header Resource Profile"
    },
    {
      "url" : "http://terminology.hl7.org/ValueSet/v2-0116",
      "version" : "2.0.0",
      "status" : "active",
      "name" : "Hl7VSBedStatus",
      "title" : "hl7VS-bedStatus",
      "description" : "Value Set of codes that specify the state of a bed in an inpatient setting, and is used to determine if a patient may be assigned to it or not.",
      "systems" : ["http://terminology.hl7.org/CodeSystem/v2-0116"],
      "oids" : ["2.16.840.1.113883.21.51"],
      "sources" : ["2.16.840.1.113883.21.51"],
      "uses" : {
      },
      "StructureDefinition-rtlsLocation.html" : "RTLS Location Resource Profile"
    },
    {
      "url" : "http://terminology.hl7.org/ValueSet/v3-ServiceDeliveryLocationRoleType",
      "version" : "3.0.0",
      "status" : "active",
      "name" : "ServiceDeliveryLocationRoleType",
      "title" : "ServiceDeliveryLocationRoleType",
      "description" : "A role of a place that further classifies the setting (e.g., accident site, road side, work site, community location) in which services are delivered.",
      "systems" : ["http://terminology.hl7.org/CodeSystem/v3-RoleCode"],
      "oids" : ["2.16.840.1.113883.1.11.17660"],
      "sources" : ["2.16.840.1.113883.1.11.17660"],
      "uses" : {
      },
      "StructureDefinition-rtlsLocation.html" : "RTLS Location Resource Profile"
    }
  ]
}
