{"resourceType":"OperationDefinition","id":"rtlsMessageParameters","text":{"status":"generated","div":"<div xmlns=\"http://www.w3.org/1999/xhtml\"><p class=\"res-header-id\"><b>Generated Narrative: OperationDefinition rtlsMessageParameters</b></p><a name=\"rtlsMessageParameters\"> </a><a name=\"hcrtlsMessageParameters\"> </a><p>URL: [base]/$$rtlsMessageParameters</p><h3>Parameters</h3><table class=\"grid\"><tr><td><b>Use</b></td><td><b>Name</b></td><td><b>Scope</b></td><td><b>Cardinality</b></td><td><b>Type</b></td><td><b>Binding</b></td><td><b>Documentation</b></td></tr></table></div>"},"extension":[{"url":"http://hl7.org/fhir/StructureDefinition/structuredefinition-wg","valueCode":"pa"},{"url":"http://hl7.org/fhir/StructureDefinition/structuredefinition-standards-status","valueCode":"informative","_valueCode":{"extension":[{"url":"http://hl7.org/fhir/StructureDefinition/structuredefinition-conformance-derivedFrom","valueCanonical":"http://hl7.org/fhir/uv/rtls/ImplementationGuide/hl7.fhir.uv.rtls"}]}}],"url":"http://hl7.org/fhir/uv/rtls/OperationDefinition/rtlsMessageParameters","version":"1.0.0-ballot2","name":"RTLSMessageParameters","title":"RTLS Message Parameters Operation","status":"draft","kind":"operation","experimental":true,"date":"2025-08-04T22:10:47-05:00","publisher":"HL7 International / Patient Administration","contact":[{"telecom":[{"system":"url","value":"http://www.hl7.org/Special/committees/pafm"}]}],"description":"Parameters for RTLS auxiliary function.","jurisdiction":[{"coding":[{"system":"http://unstats.un.org/unsd/methods/m49/m49.htm","code":"001"}]}],"purpose":"This operation provides parameters for RTLS messaging functions.","code":"rtlsMessageParameters","system":true,"type":false,"instance":false}