{"resourceType":"ValueSet","id":"rtlsMessageEvents","text":{"status":"generated","div":"<div xmlns=\"http://www.w3.org/1999/xhtml\"><p class=\"res-header-id\"><b>Generated Narrative: ValueSet rtlsMessageEvents</b></p><a name=\"rtlsMessageEvents\"> </a><a name=\"hcrtlsMessageEvents\"> </a><ul><li>Include all codes defined in <a href=\"CodeSystem-rtlsMessageEvents.html\"><code>http://hl7.org/fhir/uv/rtls/CodeSystem/rtlsMessageEvents</code></a></li></ul></div>"},"extension":[{"url":"http://hl7.org/fhir/StructureDefinition/structuredefinition-wg","valueCode":"pa"},{"url":"http://hl7.org/fhir/StructureDefinition/structuredefinition-standards-status","valueCode":"informative","_valueCode":{"extension":[{"url":"http://hl7.org/fhir/StructureDefinition/structuredefinition-conformance-derivedFrom","valueCanonical":"http://hl7.org/fhir/uv/rtls/ImplementationGuide/hl7.fhir.uv.rtls"}]}}],"url":"http://hl7.org/fhir/uv/rtls/ValueSet/rtlsMessageEvents","version":"1.0.0-ballot","name":"RTLSMessageEvents","title":"RTLS Message Events Valueset","status":"draft","experimental":true,"date":"2022-10-12","publisher":"HL7 International / Patient Administration","contact":[{"telecom":[{"system":"url","value":"http://hl7.org/Special/committees/pafm"}]}],"description":"This valueset defines FHIR messaging event types used in RTLS workflows.","jurisdiction":[{"coding":[{"system":"http://unstats.un.org/unsd/methods/m49/m49.htm","code":"001"}]}],"compose":{"include":[{"system":"http://hl7.org/fhir/uv/rtls/CodeSystem/rtlsMessageEvents"}]}}